
CREATE TABLE books 
(
book_id INT NOT NULL AUTO_INCREMENT,
title VARCHAR(100),
author_fname VARCHAR(100),
author_lname VARCHAR(100),
released_year INT,
stock_quantity INT,
pages INT,
PRIMARY KEY(book_id)
);
 
INSERT INTO books (title, author_fname, author_lname, released_year, stock_quantity, pages)
VALUES
('The Namesake', 'Jhumpa', 'Lahiri', 2003, 32, 291),
('Norse Mythology', 'Neil', 'Gaiman',2016, 43, 304),
('American Gods', 'Neil', 'Gaiman', 2001, 12, 465),
('Interpreter of Maladies', 'Jhumpa', 'Lahiri', 1996, 97, 198),
('A Hologram for the King: A Novel', 'Dave', 'Eggers', 2012, 154, 352),
('The Circle', 'Dave', 'Eggers', 2013, 26, 504),
('The Amazing Adventures of Kavalier & Clay', 'Michael', 'Chabon', 2000, 68, 634),
('Just Kids', 'Patti', 'Smith', 2010, 55, 304),
('A Heartbreaking Work of Staggering Genius', 'Dave', 'Eggers', 2001, 104, 437),
('Coraline', 'Neil', 'Gaiman', 2003, 100, 208),
('What We Talk About When We Talk About Love: Stories', 'Raymond', 'Carver', 1981, 23, 176),
("Where I'm Calling From: Selected Stories", 'Raymond', 'Carver', 1989, 12, 526),
('White Noise', 'Don', 'DeLillo', 1985, 49, 320),
('Cannery Row', 'John', 'Steinbeck', 1945, 95, 181),
('Oblivion: Stories', 'David', 'Foster Wallace', 2004, 172, 329),
('Consider the Lobster', 'David', 'Foster Wallace', 2005, 92, 343);


INSERT INTO students (first_name) VALUES 
('Caleb'), ('Samantha'), ('Raj'), ('Carlos'), ('Lisa');

INSERT INTO papers (student_id, title, grade ) VALUES
(1, 'My First Book Report', 60),
(1, 'My Second Book Report', 75),
(2, 'Russian Lit Through The Ages', 94),
(2, 'De Montaigne and The Art of The Essay', 98),
(4, 'Borges and Magical Realism', 89);



SELECT title, author_fname FROM books WHERE author_fname LIKE '%da%';
 
SELECT title, author_fname FROM books WHERE author_fname LIKE 'da%';
 
SELECT title FROM books WHERE  title LIKE 'the';
 
SELECT title FROM books WHERE  title LIKE '%the';
 
SELECT title FROM books WHERE title LIKE '%the%'; this is the right way to do it 

SELECT title, author_fname FROM books WHERE author_fname LIKE '%da%';

SOURCE limit.sql; SELECT title, author_fname FROM books WHERE author_fname LIE â€œ'%da%';


+-------------------------------------------+--------------+
| title                                     | author_fname |
+-------------------------------------------+--------------+
| A Hologram for the King: A Novel          | Dave         |
| The Circle                                | Dave         |
| A Heartbreaking Work of Staggering Genius | Dave         |
| Oblivion: Stories                         | David        |
| Consider the Lobster                      | David        |
| 10% Happier                               | Dan          |
| fake_book                                 | Freida       |
| 10% Happier                               | Dan          |
| fake_book                                 | Freida       |


SELECT title, author_fname FROM books WHERE author_fname LIKE 'da%';

Just one percentage sign means we want to start with DA only 

mysql> mysql> SOURCE limit.sql;
+-------------------------------------------+--------------+
| title                                     | author_fname |
+-------------------------------------------+--------------+
| A Hologram for the King: A Novel          | Dave         |
| The Circle                                | Dave         |
| A Heartbreaking Work of Staggering Genius | Dave         |
| Oblivion: Stories                         | David        |
| Consider the Lobster                      | David        |
| 10% Happier                               | Dan          |
| 10% Happier                               | Dan          |
+-------------------------------------------+--------------+


mysql> SELECT title FROM books WHERE title LIKE '%the%';
+-------------------------------------------+
| title                                     |
+-------------------------------------------+
| The Namesake                              |
| A Hologram for the King: A Novel          |
| The Circle                                |
| The Amazing Adventures of Kavalier & Clay |
| Consider the Lobster                      |
| Lincoln In The Bardo                      |
| Lincoln In The Bardo                      |
+-------------------------------------------+
7 rows in set (0.00 sec)





SELECT title FROM books WHERE title LIKE '%the%'; 

 +-------------------------------------------+
| title                                     |
+-------------------------------------------+
| The Namesake                              |
| A Hologram for the King: A Novel          |
| The Circle                                |
| The Amazing Adventures of Kavalier & Clay |
| Consider the Lobster                      |
| Lincoln In The Bardo                      |
| Lincoln In The Bardo                      |
+-------------------------------------------+
7 rows in set (0.00 sec)
